<?xml version = '1.0' encoding = 'UTF-8'?>
<Diagram class="oracle.dbtools.crest.swingui.relational.DPVRelational" name="Relational_1" id="B9DA777F-437F-0C0F-B534-560CEEA227F7">
<createdBy>logonrmlocal</createdBy>
<modifiedBy>logonrmlocal</modifiedBy>
<createdTime>2022-03-31 01:46:04 UTC</createdTime>
<autoRoute>false</autoRoute>
<boxInbox>true</boxInbox>
<showLegend>false</showLegend>
<showLabels>false</showLabels>
<showRelAttributes>false</showRelAttributes>
<gridEnabled>false</gridEnabled>
<showGrid>false</showGrid>
<diagramColor>-1</diagramColor>
<display>false</display>
<notation>1</notation>
<objectViews>
<OView class="oracle.dbtools.crest.swingui.relational.TVTable" oid="747BE31C-6D1A-9D73-5546-8C8E8EFAC794" otype="Table" vid="2BF42161-46C9-BC46-9721-27BCCC6F1A8B">
<hideElementsInCurrentOnly>false</hideElementsInCurrentOnly>
<bounds x="367" y="110" width="291" height="154"/>
</OView>
<OView class="oracle.dbtools.crest.swingui.relational.TVTable" oid="A6E355DE-1AEC-9B50-F34A-6A4E3F1F092C" otype="Table" vid="F8168F54-5326-EA53-B1E2-AF7A531CBD02">
<hideElementsInCurrentOnly>false</hideElementsInCurrentOnly>
<bounds x="91" y="196" width="188" height="110"/>
</OView>
<OView class="oracle.dbtools.crest.swingui.relational.TVTable" oid="CFD02558-97CE-CFB1-3D71-260CE9D4E9AA" otype="Table" vid="E5928258-F9A1-FA6B-7AFA-7D4CD8F7A5A8">
<hideElementsInCurrentOnly>false</hideElementsInCurrentOnly>
<bounds x="93" y="61" width="187" height="110"/>
</OView>
</objectViews>
<connectors>
<Connector class="oracle.dbtools.crest.swingui.relational.TVFKRelation" oid="3C74BD12-BCC3-7B40-C518-7ED22BB2209B" otype="FKIndexAssociation" vid_source="F8168F54-5326-EA53-B1E2-AF7A531CBD02" vid_target="2BF42161-46C9-BC46-9721-27BCCC6F1A8B">
<hideElementsInCurrentOnly>false</hideElementsInCurrentOnly>
<backgroundColor>-16777216</backgroundColor>
<lineWidth>1</lineWidth>
<points>
<point x="279" y="230"/>
<point x="367" y="230"/>
</points>
</Connector>
<Connector class="oracle.dbtools.crest.swingui.relational.TVFKRelation" oid="D4A5F8C9-3BE9-95A2-A971-23AE091D0524" otype="FKIndexAssociation" vid_source="E5928258-F9A1-FA6B-7AFA-7D4CD8F7A5A8" vid_target="2BF42161-46C9-BC46-9721-27BCCC6F1A8B">
<hideElementsInCurrentOnly>false</hideElementsInCurrentOnly>
<backgroundColor>-16777216</backgroundColor>
<lineWidth>1</lineWidth>
<points>
<point x="280" y="140"/>
<point x="367" y="140"/>
</points>
</Connector>
</connectors>
</Diagram>
