<?xml version = '1.0' encoding = 'UTF-8'?>
<FKIndexAssociation class="oracle.dbtools.crest.model.design.relational.FKIndexAssociation" directorySegmentName="seg_0" id="D4A5F8C9-3BE9-95A2-A971-23AE091D0524" containerWithKeyObject="747BE31C-6D1A-9D73-5546-8C8E8EFAC794" localFKIndex="8AF180A5-0416-197E-6AE5-930F7B4A75CC" name="Notas_Aluno_FK">
<createdBy>logonrmlocal</createdBy>
<createdTime>2022-03-31 01:46:54 UTC</createdTime>
<generatorID>65B43079-52E4-BF3B-2A42-665208B30D95</generatorID>
<ownerDesignName>aula 3</ownerDesignName>
<referredTableLongName>Aluno</referredTableLongName>
<deleteRule>NO ACTION</deleteRule>
<referredTableID>CFD02558-97CE-CFB1-3D71-260CE9D4E9AA</referredTableID>
<keyObject>6AB9EB6D-F3BD-5652-2022-812F903F1EE0</keyObject>
<referredKeyID>6AB9EB6D-F3BD-5652-2022-812F903F1EE0</referredKeyID>
<mandatory>true</mandatory>
<refColNames>cd_aluno</refColNames>
<transferable>true</transferable>
<rely>false</rely>
<columnDependencyConstraintGenerateInDDL>true</columnDependencyConstraintGenerateInDDL>
</FKIndexAssociation>