<?xml version = '1.0' encoding = 'UTF-8'?>
<FKIndexAssociation class="oracle.dbtools.crest.model.design.relational.FKIndexAssociation" directorySegmentName="seg_0" id="3C74BD12-BCC3-7B40-C518-7ED22BB2209B" containerWithKeyObject="747BE31C-6D1A-9D73-5546-8C8E8EFAC794" localFKIndex="E4075736-FCBF-2A4B-7984-3713DCFB69E6" name="Notas_Aula_FK">
<createdBy>logonrmlocal</createdBy>
<createdTime>2022-03-31 01:46:54 UTC</createdTime>
<generatorID>2550C681-991F-0D56-1C74-3D4AFC3EBD1E</generatorID>
<ownerDesignName>aula3</ownerDesignName>
<referredTableLongName>Aula</referredTableLongName>
<deleteRule>NO ACTION</deleteRule>
<referredTableID>A6E355DE-1AEC-9B50-F34A-6A4E3F1F092C</referredTableID>
<keyObject>E3A32818-3210-08E1-1E3E-1227BE3A057A</keyObject>
<referredKeyID>E3A32818-3210-08E1-1E3E-1227BE3A057A</referredKeyID>
<mandatory>true</mandatory>
<refColNames>cd_aula</refColNames>
<transferable>true</transferable>
<rely>false</rely>
<columnDependencyConstraintGenerateInDDL>true</columnDependencyConstraintGenerateInDDL>
</FKIndexAssociation>
