<?xml version = '1.0' encoding = 'UTF-8'?>
<Entity class="oracle.dbtools.crest.model.design.logical.Entity" directorySegmentName="seg_0" id="15F38C5D-3FDE-214C-B188-E601DC34E33B" name="Notas">
<createdBy>logonrmlocal</createdBy>
<createdTime>2022-03-31 01:37:10 UTC</createdTime>
<ownerDesignName>aula 3</ownerDesignName>
<engineerTo>
<item key="81048F73-9AAE-DB7C-3ACF-F9E66F8B396E" value="true"/>
</engineerTo>
<adequatelyNormalized>NO</adequatelyNormalized>
<expectedVolumes>0</expectedVolumes>
<fwdEngineeringStrategyName>Single Table</fwdEngineeringStrategyName>
<growthPercent>0</growthPercent>
<growthType>Year</growthType>
<maxVolumes>9999999</maxVolumes>
<minVolumes>0</minVolumes>
<normalForm>Third</normalForm>
<attributes itemClass="oracle.dbtools.crest.model.design.logical.Attribute">
<Attribute name="cd_aluno" id="4DDB65B7-93B4-AED7-91BD-936ED88C2F63">
<createdBy>logonrmlocal</createdBy>
<createdTime>2022-03-31 01:39:45 UTC</createdTime>
<generatorID>65B43079-52E4-BF3B-2A42-665208B30D95</generatorID>
<ownerDesignName>aula 3</ownerDesignName>
<engineerTo>
<item key="81048F73-9AAE-DB7C-3ACF-F9E66F8B396E" value="true"/>
</engineerTo>
<referedAttribute>EB4FAC2E-F3AF-1BAE-B2EC-6C375A106862</referedAttribute>
<useDomainConstraints>false</useDomainConstraints>
<use>1</use>
<logicalDatatype>LOGDT019</logicalDatatype>
<dataTypePrecision>5</dataTypePrecision>
<ownDataTypeParameters>,,</ownDataTypeParameters>
</Attribute>
<Attribute name="cd_aula" id="1099B043-A970-C8D1-028A-937A322E3AF3">
<createdBy>logonrmlocal</createdBy>
<createdTime>2022-03-31 01:40:03 UTC</createdTime>
<generatorID>2550C681-991F-0D56-1C74-3D4AFC3EBD1E</generatorID>
<ownerDesignName>aula 3</ownerDesignName>
<engineerTo>
<item key="81048F73-9AAE-DB7C-3ACF-F9E66F8B396E" value="true"/>
</engineerTo>
<referedAttribute>D7D9C891-E9E2-56FF-5196-5E68F38DC80C</referedAttribute>
<useDomainConstraints>false</useDomainConstraints>
<use>1</use>
<logicalDatatype>LOGDT019</logicalDatatype>
<dataTypePrecision>3</dataTypePrecision>
<ownDataTypeParameters>,,</ownDataTypeParameters>
</Attribute>
<Attribute name="checkpoint" id="700B0478-E500-6118-6EAE-291EF05094F7">
<createdBy>logonrmlocal</createdBy>
<createdTime>2022-03-31 01:43:05 UTC</createdTime>
<ownerDesignName>aula 3</ownerDesignName>
<engineerTo>
<item key="81048F73-9AAE-DB7C-3ACF-F9E66F8B396E" value="true"/>
</engineerTo>
<useDomainConstraints>false</useDomainConstraints>
<use>1</use>
<logicalDatatype>LOGDT019</logicalDatatype>
<dataTypePrecision>1</dataTypePrecision>
<ownDataTypeParameters>,1,</ownDataTypeParameters>
</Attribute>
<Attribute name="nota" id="1C9C6777-82FB-D656-E4F9-FD993A7A742B">
<createdBy>logonrmlocal</createdBy>
<createdTime>2022-03-31 01:43:45 UTC</createdTime>
<ownerDesignName>aula 3</ownerDesignName>
<engineerTo>
<item key="81048F73-9AAE-DB7C-3ACF-F9E66F8B396E" value="true"/>
</engineerTo>
<nullsAllowed>true</nullsAllowed>
<useDomainConstraints>false</useDomainConstraints>
<use>1</use>
<logicalDatatype>LOGDT019</logicalDatatype>
<dataTypePrecision>4</dataTypePrecision>
<dataTypeScale>2</dataTypeScale>
<ownDataTypeParameters>,4,2</ownDataTypeParameters>
</Attribute>
</attributes>
<identifiers itemClass="oracle.dbtools.crest.model.design.logical.CandidateKey">
<identifier id="9196CC11-6569-E838-77A6-0DE933BAAB48" name="Notas PK">
<createdBy>logonrmlocal</createdBy>
<createdTime>2022-03-31 01:39:45 UTC</createdTime>
<ownerDesignName>aula 3</ownerDesignName>
<engineerTo>
<item key="81048F73-9AAE-DB7C-3ACF-F9E66F8B396E" value="true"/>
</engineerTo>
<pk>true</pk>
<usedAttributes>
<attributeRef>4DDB65B7-93B4-AED7-91BD-936ED88C2F63</attributeRef>
<attributeRef>1099B043-A970-C8D1-028A-937A322E3AF3</attributeRef>
<attributeRef>700B0478-E500-6118-6EAE-291EF05094F7</attributeRef>
</usedAttributes>
</identifier>
</identifiers>
</Entity>