<?xml version = '1.0' encoding = 'UTF-8'?>
<Entity class="oracle.dbtools.crest.model.design.logical.Entity" directorySegmentName="seg_0" id="6E7DCC3A-1FA6-3A06-9E01-1A643202AECF" name="Aula">
<createdBy>logonrmlocal</createdBy>
<createdTime>2022-03-31 00:57:31 UTC</createdTime>
<ownerDesignName>aula 3</ownerDesignName>
<engineerTo>
<item key="81048F73-9AAE-DB7C-3ACF-F9E66F8B396E" value="true"/>
</engineerTo>
<adequatelyNormalized>NO</adequatelyNormalized>
<expectedVolumes>0</expectedVolumes>
<fwdEngineeringStrategyName>Single Table</fwdEngineeringStrategyName>
<growthPercent>0</growthPercent>
<growthType>Year</growthType>
<maxVolumes>9999999</maxVolumes>
<minVolumes>0</minVolumes>
<normalForm>Third</normalForm>
<attributes itemClass="oracle.dbtools.crest.model.design.logical.Attribute">
<Attribute name="cd_aula" id="D7D9C891-E9E2-56FF-5196-5E68F38DC80C">
<createdBy>logonrmlocal</createdBy>
<createdTime>2022-03-31 01:33:12 UTC</createdTime>
<ownerDesignName>aula 3</ownerDesignName>
<engineerTo>
<item key="81048F73-9AAE-DB7C-3ACF-F9E66F8B396E" value="true"/>
</engineerTo>
<useDomainConstraints>false</useDomainConstraints>
<use>1</use>
<logicalDatatype>LOGDT019</logicalDatatype>
<dataTypePrecision>3</dataTypePrecision>
<ownDataTypeParameters>,3,</ownDataTypeParameters>
</Attribute>
<Attribute name="nome_aula" id="FF486C01-D076-B397-4043-FECCED195EBD">
<createdBy>logonrmlocal</createdBy>
<createdTime>2022-03-31 01:33:19 UTC</createdTime>
<ownerDesignName>aula 3</ownerDesignName>
<engineerTo>
<item key="81048F73-9AAE-DB7C-3ACF-F9E66F8B396E" value="true"/>
</engineerTo>
<useDomainConstraints>false</useDomainConstraints>
<use>1</use>
<logicalDatatype>LOGDT024</logicalDatatype>
<dataTypeSize>50</dataTypeSize>
<ownDataTypeParameters>50,,</ownDataTypeParameters>
</Attribute>
</attributes>
<identifiers itemClass="oracle.dbtools.crest.model.design.logical.CandidateKey">
<identifier id="1E060EC7-852E-9EC9-82FB-767B2104B1BD" name="Aula PK">
<createdBy>logonrmlocal</createdBy>
<createdTime>2022-03-31 01:33:39 UTC</createdTime>
<ownerDesignName>aula 3</ownerDesignName>
<engineerTo>
<item key="81048F73-9AAE-DB7C-3ACF-F9E66F8B396E" value="true"/>
</engineerTo>
<pk>true</pk>
<usedAttributes>
<attributeRef>D7D9C891-E9E2-56FF-5196-5E68F38DC80C</attributeRef>
</usedAttributes>
</identifier>
</identifiers>
</Entity>