<?xml version = '1.0' encoding = 'UTF-8'?>
<Table class="oracle.dbtools.crest.model.design.relational.Table" directorySegmentName="seg_0" id="A6E355DE-1AEC-9B50-F34A-6A4E3F1F092C" name="Aula">
<createdBy>logonrmlocal</createdBy>
<createdTime>2022-03-31 01:46:54 UTC</createdTime>
<generatorID>6E7DCC3A-1FA6-3A06-9E01-1A643202AECF</generatorID>
<ownerDesignName>aula 3</ownerDesignName>
<allowColumnReorder>false</allowColumnReorder>
<existDependencyGenerateInDDl>true</existDependencyGenerateInDDl>
<parsed>true</parsed>
<columns itemClass="oracle.dbtools.crest.model.design.relational.Column">
<Column name="cd_aula" id="D24545F6-5624-1CFD-8567-F6B4EE23EF05">
<createdBy>logonrmlocal</createdBy>
<createdTime>2022-03-31 01:46:54 UTC</createdTime>
<generatorID>D7D9C891-E9E2-56FF-5196-5E68F38DC80C</generatorID>
<ownerDesignName>aula 3</ownerDesignName>
<useDomainConstraints>false</useDomainConstraints>
<use>1</use>
<logicalDatatype>LOGDT019</logicalDatatype>
<dataTypePrecision>3</dataTypePrecision>
<ownDataTypeParameters>,3,</ownDataTypeParameters>
<autoIncrementCycle>false</autoIncrementCycle>
</Column>
<Column name="nome_aula" id="512F6936-4738-419D-8E82-BAD4B4C62656">
<createdBy>logonrmlocal</createdBy>
<createdTime>2022-03-31 01:46:54 UTC</createdTime>
<generatorID>FF486C01-D076-B397-4043-FECCED195EBD</generatorID>
<ownerDesignName>aula 3</ownerDesignName>
<useDomainConstraints>false</useDomainConstraints>
<use>1</use>
<logicalDatatype>LOGDT024</logicalDatatype>
<dataTypeSize>50</dataTypeSize>
<ownDataTypeParameters>50,,</ownDataTypeParameters>
<autoIncrementCycle>false</autoIncrementCycle>
</Column>
</columns>
<indexes itemClass="oracle.dbtools.crest.model.design.relational.Index">
<ind_PK_UK id="E3A32818-3210-08E1-1E3E-1227BE3A057A" name="Aula_PK">
<createdBy>logonrmlocal</createdBy>
<createdTime>2022-03-31 01:46:54 UTC</createdTime>
<generatorID>1E060EC7-852E-9EC9-82FB-767B2104B1BD</generatorID>
<ownerDesignName>aula 3</ownerDesignName>
<pk>true</pk>
<indexState>Primary Constraint</indexState>
<isSurrogateKey>false</isSurrogateKey>
<indexColumnUsage>
<colUsage columnID="D24545F6-5624-1CFD-8567-F6B4EE23EF05"/>
</indexColumnUsage>
</ind_PK_UK>
</indexes>
</Table>