<?xml version = '1.0' encoding = 'UTF-8'?>
<Relation class="oracle.dbtools.crest.model.design.logical.Relation" name="Relation_1" directorySegmentName="seg_0" id="5DA297A7-5692-8A72-9570-92F296DC6F3D">
<createdBy>logonrmlocal</createdBy>
<createdTime>2022-04-14 00:42:41 UTC</createdTime>
<ownerDesignName>aula4</ownerDesignName>
<engineerTo>
<item key="6335BED7-128E-06E2-3724-C9C668CBA668" value="true"/>
</engineerTo>
<targetPk>4DABE7E4-29B8-6E9F-4225-6FFDED897E12</targetPk>
<identifying>false</identifying>
<optionalSource>true</optionalSource>
<optionalTarget>false</optionalTarget>
<sourceCardinality>1</sourceCardinality>
<sourceEntity>0C43D1A1-49F2-F6DA-0C8D-90B51534E747</sourceEntity>
<targetCardinalityString>*</targetCardinalityString>
<targetEntity>0C43D1A1-49F2-F6DA-0C8D-90B51534E747</targetEntity>
<transferable>true</transferable>
<deleteRule>NO ACTION</deleteRule>
</Relation>
