<?xml version = '1.0' encoding = 'UTF-8'?>
<Relation class="oracle.dbtools.crest.model.design.logical.Relation" name="Relation_3" directorySegmentName="seg_0" id="85BE1EE0-C719-0504-AF50-605D2D067FF6">
<createdBy>logonrmlocal</createdBy>
<createdTime>2022-04-14 01:16:02 UTC</createdTime>
<ownerDesignName>aula4</ownerDesignName>
<engineerTo>
<item key="6335BED7-128E-06E2-3724-C9C668CBA668" value="true"/>
</engineerTo>
<sourcePk>4B10962A-4E76-6BB4-85C3-03DA9D8D7A06</sourcePk>
<arc>F037CA73-00A2-8D6D-BFEE-4775F9CC41A0</arc>
<identifying>false</identifying>
<optionalSource>true</optionalSource>
<optionalTarget>false</optionalTarget>
<sourceCardinality>1</sourceCardinality>
<sourceEntity>DD01FCAC-3C78-150F-200E-A00FDD2422A5</sourceEntity>
<targetCardinalityString>1</targetCardinalityString>
<targetEntity>7DA94208-226F-99FF-FA29-ACE5B689D77D</targetEntity>
<transferable>true</transferable>
<deleteRule>NO ACTION</deleteRule>
</Relation>
