<?xml version = '1.0' encoding = 'UTF-8'?>
<Relation class="oracle.dbtools.crest.model.design.logical.Relation" name="Relation_2" directorySegmentName="seg_0" id="8C11AE49-1900-53F8-A6FD-52C06D606AC2">
<createdBy>logonrmlocal</createdBy>
<createdTime>2022-04-14 01:15:53 UTC</createdTime>
<ownerDesignName>aula4</ownerDesignName>
<engineerTo>
<item key="6335BED7-128E-06E2-3724-C9C668CBA668" value="true"/>
</engineerTo>
<sourcePk>4B10962A-4E76-6BB4-85C3-03DA9D8D7A06</sourcePk>
<arc>F037CA73-00A2-8D6D-BFEE-4775F9CC41A0</arc>
<identifying>false</identifying>
<optionalSource>true</optionalSource>
<optionalTarget>false</optionalTarget>
<sourceCardinality>1</sourceCardinality>
<sourceEntity>DD01FCAC-3C78-150F-200E-A00FDD2422A5</sourceEntity>
<targetCardinalityString>1</targetCardinalityString>
<targetEntity>FEBB9409-EDC2-DB2F-6157-A354DF8C255E</targetEntity>
<transferable>true</transferable>
<deleteRule>NO ACTION</deleteRule>
</Relation>
