<?xml version = '1.0' encoding = 'UTF-8'?>
<Diagram class="oracle.dbtools.crest.swingui.logical.DPVLogical" name="Logical" id="E29AC366-78AC-1924-34D7-DFA1312D3416">
<createdBy>logonrmlocal</createdBy>
<modifiedBy>logonrmlocal</modifiedBy>
<createdTime>2022-03-31 00:57:13 UTC</createdTime>
<autoRoute>false</autoRoute>
<boxInbox>true</boxInbox>
<showLegend>false</showLegend>
<showLabels>false</showLabels>
<showRelAttributes>false</showRelAttributes>
<gridEnabled>false</gridEnabled>
<showGrid>false</showGrid>
<diagramColor>-1</diagramColor>
<display>false</display>
<notation>2</notation>
<objectViews>
<OView class="oracle.dbtools.crest.swingui.logical.TVEntity" oid="15F38C5D-3FDE-214C-B188-E601DC34E33B" otype="Entity" vid="3ED062C3-31C5-704F-FE34-1A557A3D8CDD">
<hideElementsInCurrentOnly>false</hideElementsInCurrentOnly>
<bounds x="394" y="121" width="231" height="154"/>
</OView>
<OView class="oracle.dbtools.crest.swingui.logical.TVEntity" oid="6E7DCC3A-1FA6-3A06-9E01-1A643202AECF" otype="Entity" vid="83FB97AA-5D9D-59AF-B188-37E360BEBF38">
<hideElementsInCurrentOnly>false</hideElementsInCurrentOnly>
<bounds x="109" y="207" width="179" height="110"/>
</OView>
<OView class="oracle.dbtools.crest.swingui.logical.TVEntity" oid="D40A1BD2-0EBC-247D-ABF7-6C020493F123" otype="Entity" vid="7DE09C80-8C41-0A00-67F7-C98310ED12B8">
<hideElementsInCurrentOnly>false</hideElementsInCurrentOnly>
<bounds x="107" y="72" width="179" height="110"/>
</OView>
</objectViews>
<connectors>
<Connector class="oracle.dbtools.crest.swingui.logical.TVRelation" oid="2550C681-991F-0D56-1C74-3D4AFC3EBD1E" otype="Relation" vid_source="83FB97AA-5D9D-59AF-B188-37E360BEBF38" vid_target="3ED062C3-31C5-704F-FE34-1A557A3D8CDD">
<hideElementsInCurrentOnly>false</hideElementsInCurrentOnly>
<backgroundColor>-16777216</backgroundColor>
<lineWidth>1</lineWidth>
<points>
<point x="288" y="241"/>
<point x="394" y="241"/>
</points>
</Connector>
<Connector class="oracle.dbtools.crest.swingui.logical.TVRelation" oid="65B43079-52E4-BF3B-2A42-665208B30D95" otype="Relation" vid_source="7DE09C80-8C41-0A00-67F7-C98310ED12B8" vid_target="3ED062C3-31C5-704F-FE34-1A557A3D8CDD">
<hideElementsInCurrentOnly>false</hideElementsInCurrentOnly>
<backgroundColor>-16777216</backgroundColor>
<lineWidth>1</lineWidth>
<points>
<point x="286" y="151"/>
<point x="394" y="151"/>
</points>
</Connector>
</connectors>
</Diagram>