<?xml version = '1.0' encoding = 'UTF-8'?>
<Entity class="oracle.dbtools.crest.model.design.logical.Entity" directorySegmentName="seg_0" id="3BE98843-DD4C-A0B6-8310-718A8FE3C2E8" name="Empregados">
<createdBy>logonrmlocal</createdBy>
<createdTime>2022-03-17 01:33:11 UTC</createdTime>
<ownerDesignName>primeiro</ownerDesignName>
<engineerTo>
<item key="0B910D4F-9A65-9FD1-F4A3-83EA2642420E" value="true"/>
</engineerTo>
<adequatelyNormalized>NO</adequatelyNormalized>
<expectedVolumes>0</expectedVolumes>
<fwdEngineeringStrategyName>Single Table</fwdEngineeringStrategyName>
<growthPercent>0</growthPercent>
<growthType>Year</growthType>
<maxVolumes>9999999</maxVolumes>
<minVolumes>0</minVolumes>
<normalForm>Third</normalForm>
</Entity>