<?xml version = '1.0' encoding = 'UTF-8'?>
<Entity class="oracle.dbtools.crest.model.design.logical.Entity" directorySegmentName="seg_0" id="D65026F1-9C93-6142-8F6A-1C23551827EA" name="Departamento">
<createdBy>logonrmlocal</createdBy>
<createdTime>2022-03-17 01:31:24 UTC</createdTime>
<ownerDesignName>primeiro</ownerDesignName>
<engineerTo>
<item key="0B910D4F-9A65-9FD1-F4A3-83EA2642420E" value="true"/>
</engineerTo>
<adequatelyNormalized>NO</adequatelyNormalized>
<expectedVolumes>0</expectedVolumes>
<fwdEngineeringStrategyName>Single Table</fwdEngineeringStrategyName>
<growthPercent>0</growthPercent>
<growthType>Year</growthType>
<maxVolumes>9999999</maxVolumes>
<minVolumes>0</minVolumes>
<normalForm>Third</normalForm>
<shortName>Dept</shortName>
</Entity>