<?xml version = '1.0' encoding = 'UTF-8'?>
<Diagram class="oracle.dbtools.crest.swingui.logical.DPVLogical" name="Logical" id="07DA3D8F-4519-9DEB-B1B8-10DA22107699">
<createdBy>logonrmlocal</createdBy>
<modifiedBy>logonrmlocal</modifiedBy>
<createdTime>2022-04-14 00:40:18 UTC</createdTime>
<autoRoute>false</autoRoute>
<boxInbox>true</boxInbox>
<showLegend>false</showLegend>
<showLabels>false</showLabels>
<showRelAttributes>false</showRelAttributes>
<gridEnabled>false</gridEnabled>
<showGrid>false</showGrid>
<diagramColor>-1</diagramColor>
<display>false</display>
<notation>2</notation>
<objectViews>
<OView class="oracle.dbtools.crest.swingui.logical.TVEntity" oid="0C43D1A1-49F2-F6DA-0C8D-90B51534E747" otype="Entity" vid="D725082E-34A9-82BD-3B16-13604C24B851">
<hideElementsInCurrentOnly>false</hideElementsInCurrentOnly>
<bounds x="45" y="71" width="176" height="95"/>
</OView>
<OView class="oracle.dbtools.crest.swingui.logical.TVEntity" oid="7DA94208-226F-99FF-FA29-ACE5B689D77D" otype="Entity" vid="F898889E-1530-95CF-7870-85E3DA9E7869">
<hideElementsInCurrentOnly>false</hideElementsInCurrentOnly>
<bounds x="439" y="300" width="170" height="110"/>
</OView>
<OView class="oracle.dbtools.crest.swingui.logical.TVEntity" oid="DD01FCAC-3C78-150F-200E-A00FDD2422A5" otype="Entity" vid="88777634-8860-25C8-DA4F-3737BAA1FBF6">
<hideElementsInCurrentOnly>false</hideElementsInCurrentOnly>
<bounds x="334" y="64" width="170" height="110"/>
</OView>
<OView class="oracle.dbtools.crest.swingui.logical.TVEntity" oid="FEBB9409-EDC2-DB2F-6157-A354DF8C255E" otype="Entity" vid="C198BC32-2729-9042-5F23-5DE03D70FAF3">
<hideElementsInCurrentOnly>false</hideElementsInCurrentOnly>
<bounds x="231" y="301" width="170" height="110"/>
</OView>
</objectViews>
<connectors>
<Connector class="oracle.dbtools.crest.swingui.logical.TVRelation" oid="5DA297A7-5692-8A72-9570-92F296DC6F3D" otype="Relation" vid_source="D725082E-34A9-82BD-3B16-13604C24B851" vid_target="D725082E-34A9-82BD-3B16-13604C24B851">
<hideElementsInCurrentOnly>false</hideElementsInCurrentOnly>
<backgroundColor>-16777216</backgroundColor>
<lineWidth>1</lineWidth>
<points>
<point x="221" y="135"/>
<point x="240" y="135"/>
<point x="240" y="206"/>
<point x="145" y="206"/>
<point x="145" y="166"/>
</points>
</Connector>
<Connector class="oracle.dbtools.crest.swingui.logical.TVRelation" oid="85BE1EE0-C719-0504-AF50-605D2D067FF6" otype="Relation" vid_source="88777634-8860-25C8-DA4F-3737BAA1FBF6" vid_target="F898889E-1530-95CF-7870-85E3DA9E7869">
<hideElementsInCurrentOnly>false</hideElementsInCurrentOnly>
<backgroundColor>-16777216</backgroundColor>
<lineWidth>1</lineWidth>
<points>
<point x="471" y="174"/>
<point x="471" y="300"/>
</points>
</Connector>
<Connector class="oracle.dbtools.crest.swingui.logical.TVRelation" oid="8C11AE49-1900-53F8-A6FD-52C06D606AC2" otype="Relation" vid_source="88777634-8860-25C8-DA4F-3737BAA1FBF6" vid_target="C198BC32-2729-9042-5F23-5DE03D70FAF3">
<hideElementsInCurrentOnly>false</hideElementsInCurrentOnly>
<backgroundColor>-16777216</backgroundColor>
<lineWidth>1</lineWidth>
<points>
<point x="368" y="174"/>
<point x="368" y="262"/>
<point x="368" y="301"/>
</points>
</Connector>
</connectors>
<arcs>
<Arc class="oracle.dbtools.crest.swingui.logical.TVArc" oid="F037CA73-00A2-8D6D-BFEE-4775F9CC41A0" otype="Arc" vid="2257020F-9671-FA1E-9809-DF273B2920FF">
<hideElementsInCurrentOnly>false</hideElementsInCurrentOnly>
<bounds x="314" y="44" width="210" height="150"/>
</Arc>
</arcs>
</Diagram>
