<?xml version = '1.0' encoding = 'UTF-8'?>
<Table class="oracle.dbtools.crest.model.design.relational.Table" directorySegmentName="seg_0" id="747BE31C-6D1A-9D73-5546-8C8E8EFAC794" name="Notas">
<createdBy>logonrmlocal</createdBy>
<createdTime>2022-03-31 01:46:54 UTC</createdTime>
<generatorID>15F38C5D-3FDE-214C-B188-E601DC34E33B</generatorID>
<ownerDesignName>aula3</ownerDesignName>
<allowColumnReorder>false</allowColumnReorder>
<existDependencyGenerateInDDl>true</existDependencyGenerateInDDl>
<parsed>true</parsed>
<columns itemClass="oracle.dbtools.crest.model.design.relational.Column">
<Column name="Aluno_cd_aluno" id="B5DF1A97-21B3-54EF-EEF8-9A338BEB34BD">
<createdBy>logonrmlocal</createdBy>
<createdTime>2022-03-31 01:46:54 UTC</createdTime>
<generatorID>4DDB65B7-93B4-AED7-91BD-936ED88C2F63</generatorID>
<ownerDesignName>aula3</ownerDesignName>
<useDomainConstraints>false</useDomainConstraints>
<use>1</use>
<logicalDatatype>LOGDT019</logicalDatatype>
<dataTypePrecision>5</dataTypePrecision>
<ownDataTypeParameters>,5,</ownDataTypeParameters>
<previousColumn>false</previousColumn>
<autoIncrementCycle>false</autoIncrementCycle>
<associations>
<colAssociation fkAssociation="D4A5F8C9-3BE9-95A2-A971-23AE091D0524" referredColumn="F1F21E18-791B-8441-F1E6-15BC8E4C63DC"/>
</associations>
</Column>
<Column name="Aula_cd_aula" id="853D9EB0-C8DC-E456-4657-953606631873">
<createdBy>logonrmlocal</createdBy>
<createdTime>2022-03-31 01:46:54 UTC</createdTime>
<generatorID>1099B043-A970-C8D1-028A-937A322E3AF3</generatorID>
<ownerDesignName>aula3</ownerDesignName>
<useDomainConstraints>false</useDomainConstraints>
<use>1</use>
<logicalDatatype>LOGDT019</logicalDatatype>
<dataTypePrecision>3</dataTypePrecision>
<ownDataTypeParameters>,3,</ownDataTypeParameters>
<previousColumn>false</previousColumn>
<autoIncrementCycle>false</autoIncrementCycle>
<associations>
<colAssociation fkAssociation="3C74BD12-BCC3-7B40-C518-7ED22BB2209B" referredColumn="D24545F6-5624-1CFD-8567-F6B4EE23EF05"/>
</associations>
</Column>
<Column name="checkpoint" id="6E2931FE-387F-EBF5-AAC3-F9FE768C06C9">
<createdBy>logonrmlocal</createdBy>
<createdTime>2022-03-31 01:46:54 UTC</createdTime>
<generatorID>700B0478-E500-6118-6EAE-291EF05094F7</generatorID>
<ownerDesignName>aula3</ownerDesignName>
<useDomainConstraints>false</useDomainConstraints>
<use>1</use>
<logicalDatatype>LOGDT019</logicalDatatype>
<dataTypePrecision>1</dataTypePrecision>
<ownDataTypeParameters>,1,</ownDataTypeParameters>
<autoIncrementCycle>false</autoIncrementCycle>
</Column>
<Column name="nota" id="3C9A31D3-F05F-9935-B5DE-C451F423F805">
<createdBy>logonrmlocal</createdBy>
<createdTime>2022-03-31 01:46:54 UTC</createdTime>
<generatorID>1C9C6777-82FB-D656-E4F9-FD993A7A742B</generatorID>
<ownerDesignName>aula3</ownerDesignName>
<nullsAllowed>true</nullsAllowed>
<useDomainConstraints>false</useDomainConstraints>
<use>1</use>
<logicalDatatype>LOGDT019</logicalDatatype>
<dataTypePrecision>4</dataTypePrecision>
<dataTypeScale>2</dataTypeScale>
<ownDataTypeParameters>,4,2</ownDataTypeParameters>
<autoIncrementCycle>false</autoIncrementCycle>
</Column>
</columns>
<indexes itemClass="oracle.dbtools.crest.model.design.relational.Index">
<ind_PK_UK id="5318D514-EAB8-D678-654A-A6F11C873F64" name="Notas_PK">
<createdBy>logonrmlocal</createdBy>
<createdTime>2022-03-31 01:46:54 UTC</createdTime>
<generatorID>9196CC11-6569-E838-77A6-0DE933BAAB48</generatorID>
<ownerDesignName>aula3</ownerDesignName>
<pk>true</pk>
<indexState>Primary Constraint</indexState>
<isSurrogateKey>false</isSurrogateKey>
<indexColumnUsage>
<colUsage columnID="B5DF1A97-21B3-54EF-EEF8-9A338BEB34BD"/>
<colUsage columnID="853D9EB0-C8DC-E456-4657-953606631873"/>
<colUsage columnID="6E2931FE-387F-EBF5-AAC3-F9FE768C06C9"/>
</indexColumnUsage>
</ind_PK_UK>
<ind_PK_UK id="8AF180A5-0416-197E-6AE5-930F7B4A75CC" name="Notas_Aluno_FK">
<createdBy>logonrmlocal</createdBy>
<createdTime>2022-03-31 01:46:54 UTC</createdTime>
<generatorID>65B43079-52E4-BF3B-2A42-665208B30D95</generatorID>
<ownerDesignName>aula3</ownerDesignName>
<indexState>Foreign Key</indexState>
<isSurrogateKey>false</isSurrogateKey>
<indexColumnUsage>
<colUsage columnID="B5DF1A97-21B3-54EF-EEF8-9A338BEB34BD"/>
</indexColumnUsage>
</ind_PK_UK>
<ind_PK_UK id="E4075736-FCBF-2A4B-7984-3713DCFB69E6" name="Notas_Aula_FK">
<createdBy>logonrmlocal</createdBy>
<createdTime>2022-03-31 01:46:54 UTC</createdTime>
<generatorID>2550C681-991F-0D56-1C74-3D4AFC3EBD1E</generatorID>
<ownerDesignName>aula3</ownerDesignName>
<indexState>Foreign Key</indexState>
<isSurrogateKey>false</isSurrogateKey>
<indexColumnUsage>
<colUsage columnID="853D9EB0-C8DC-E456-4657-953606631873"/>
</indexColumnUsage>
</ind_PK_UK>
</indexes>
</Table>
