<?xml version = '1.0' encoding = 'UTF-8'?>
<Table class="oracle.dbtools.crest.model.design.relational.Table" directorySegmentName="seg_0" id="CFD02558-97CE-CFB1-3D71-260CE9D4E9AA" name="Aluno">
<createdBy>logonrmlocal</createdBy>
<createdTime>2022-03-31 01:46:54 UTC</createdTime>
<generatorID>D40A1BD2-0EBC-247D-ABF7-6C020493F123</generatorID>
<ownerDesignName>aula3</ownerDesignName>
<allowColumnReorder>false</allowColumnReorder>
<existDependencyGenerateInDDl>true</existDependencyGenerateInDDl>
<parsed>true</parsed>
<columns itemClass="oracle.dbtools.crest.model.design.relational.Column">
<Column name="cd_aluno" id="F1F21E18-791B-8441-F1E6-15BC8E4C63DC">
<createdBy>logonrmlocal</createdBy>
<createdTime>2022-03-31 01:46:54 UTC</createdTime>
<generatorID>EB4FAC2E-F3AF-1BAE-B2EC-6C375A106862</generatorID>
<ownerDesignName>aula3</ownerDesignName>
<useDomainConstraints>false</useDomainConstraints>
<use>1</use>
<logicalDatatype>LOGDT019</logicalDatatype>
<dataTypePrecision>5</dataTypePrecision>
<ownDataTypeParameters>,5,</ownDataTypeParameters>
<autoIncrementCycle>false</autoIncrementCycle>
</Column>
<Column name="nome_aluno" id="DFC53921-06E9-D8EA-2E3C-88AE1BE48CC9">
<createdBy>logonrmlocal</createdBy>
<createdTime>2022-03-31 01:46:54 UTC</createdTime>
<generatorID>2AB0EB42-BA7F-BBAB-ED84-D34D57DB5C00</generatorID>
<ownerDesignName>aula3</ownerDesignName>
<useDomainConstraints>false</useDomainConstraints>
<use>1</use>
<logicalDatatype>LOGDT024</logicalDatatype>
<dataTypeSize>50</dataTypeSize>
<ownDataTypeParameters>50,,</ownDataTypeParameters>
<autoIncrementCycle>false</autoIncrementCycle>
</Column>
</columns>
<indexes itemClass="oracle.dbtools.crest.model.design.relational.Index">
<ind_PK_UK id="6AB9EB6D-F3BD-5652-2022-812F903F1EE0" name="Aluno_PK">
<createdBy>logonrmlocal</createdBy>
<createdTime>2022-03-31 01:46:54 UTC</createdTime>
<generatorID>CC19FA87-374E-A461-CC86-BD6371E6926F</generatorID>
<ownerDesignName>aula3</ownerDesignName>
<pk>true</pk>
<indexState>Primary Constraint</indexState>
<isSurrogateKey>false</isSurrogateKey>
<indexColumnUsage>
<colUsage columnID="F1F21E18-791B-8441-F1E6-15BC8E4C63DC"/>
</indexColumnUsage>
</ind_PK_UK>
</indexes>
</Table>
