<?xml version = '1.0' encoding = 'UTF-8'?>
<Entity class="oracle.dbtools.crest.model.design.logical.Entity" directorySegmentName="seg_0" id="D40A1BD2-0EBC-247D-ABF7-6C020493F123" name="Aluno">
<createdBy>logonrmlocal</createdBy>
<createdTime>2022-03-31 00:57:13 UTC</createdTime>
<ownerDesignName>aula3</ownerDesignName>
<engineerTo>
<item key="81048F73-9AAE-DB7C-3ACF-F9E66F8B396E" value="true"/>
</engineerTo>
<adequatelyNormalized>NO</adequatelyNormalized>
<expectedVolumes>0</expectedVolumes>
<fwdEngineeringStrategyName>Single Table</fwdEngineeringStrategyName>
<growthPercent>0</growthPercent>
<growthType>Year</growthType>
<maxVolumes>9999999</maxVolumes>
<minVolumes>0</minVolumes>
<normalForm>Third</normalForm>
<attributes itemClass="oracle.dbtools.crest.model.design.logical.Attribute">
<Attribute name="cd_aluno" id="EB4FAC2E-F3AF-1BAE-B2EC-6C375A106862">
<createdBy>logonrmlocal</createdBy>
<createdTime>2022-03-31 00:57:42 UTC</createdTime>
<ownerDesignName>aula3</ownerDesignName>
<engineerTo>
<item key="81048F73-9AAE-DB7C-3ACF-F9E66F8B396E" value="true"/>
</engineerTo>
<useDomainConstraints>false</useDomainConstraints>
<use>1</use>
<logicalDatatype>LOGDT019</logicalDatatype>
<dataTypePrecision>5</dataTypePrecision>
<ownDataTypeParameters>,5,</ownDataTypeParameters>
</Attribute>
<Attribute name="nome_aluno" id="2AB0EB42-BA7F-BBAB-ED84-D34D57DB5C00">
<createdBy>logonrmlocal</createdBy>
<createdTime>2022-03-31 01:00:48 UTC</createdTime>
<ownerDesignName>aula3</ownerDesignName>
<engineerTo>
<item key="81048F73-9AAE-DB7C-3ACF-F9E66F8B396E" value="true"/>
</engineerTo>
<useDomainConstraints>false</useDomainConstraints>
<use>1</use>
<logicalDatatype>LOGDT024</logicalDatatype>
<dataTypeSize>50</dataTypeSize>
<ownDataTypeParameters>50,,</ownDataTypeParameters>
</Attribute>
</attributes>
<identifiers itemClass="oracle.dbtools.crest.model.design.logical.CandidateKey">
<identifier id="CC19FA87-374E-A461-CC86-BD6371E6926F" name="Aluno PK">
<createdBy>logonrmlocal</createdBy>
<createdTime>2022-03-31 00:58:57 UTC</createdTime>
<ownerDesignName>aula3</ownerDesignName>
<engineerTo>
<item key="81048F73-9AAE-DB7C-3ACF-F9E66F8B396E" value="true"/>
</engineerTo>
<pk>true</pk>
<usedAttributes>
<attributeRef>EB4FAC2E-F3AF-1BAE-B2EC-6C375A106862</attributeRef>
</usedAttributes>
</identifier>
</identifiers>
</Entity>
