<?xml version = '1.0' encoding = 'UTF-8'?>
<relationalModel class="oracle.dbtools.crest.model.design.relational.RelationalDesign" name="Relational_1" id="81048F73-9AAE-DB7C-3ACF-F9E66F8B396E" mainViewID="B9DA777F-437F-0C0F-B534-560CEEA227F7">
<createdBy>logonrmlocal</createdBy>
<createdTime>2022-03-31 00:57:03 UTC</createdTime>
<ownerDesignName>aula 3</ownerDesignName>
<shouldBeOpen>true</shouldBeOpen>
<selectedRDBMSSite>32076570-2523-435C-2E92-BF29817DFF70</selectedRDBMSSite>
</relationalModel>
