<?xml version = '1.0' encoding = 'UTF-8'?>
<Relation class="oracle.dbtools.crest.model.design.logical.Relation" name="Relation_2" directorySegmentName="seg_0" id="2550C681-991F-0D56-1C74-3D4AFC3EBD1E">
<createdBy>logonrmlocal</createdBy>
<createdTime>2022-03-31 01:40:03 UTC</createdTime>
<ownerDesignName>aula3</ownerDesignName>
<engineerTo>
<item key="81048F73-9AAE-DB7C-3ACF-F9E66F8B396E" value="true"/>
</engineerTo>
<sourcePk>1E060EC7-852E-9EC9-82FB-767B2104B1BD</sourcePk>
<identifying>true</identifying>
<optionalSource>false</optionalSource>
<optionalTarget>false</optionalTarget>
<sourceCardinality>1</sourceCardinality>
<sourceEntity>6E7DCC3A-1FA6-3A06-9E01-1A643202AECF</sourceEntity>
<targetCardinalityString>*</targetCardinalityString>
<targetEntity>15F38C5D-3FDE-214C-B188-E601DC34E33B</targetEntity>
<transferable>true</transferable>
<deleteRule>NO ACTION</deleteRule>
</Relation>
