<?xml version = '1.0' encoding = 'UTF-8'?>
<Relation class="oracle.dbtools.crest.model.design.logical.Relation" name="Relation_1" directorySegmentName="seg_0" id="65B43079-52E4-BF3B-2A42-665208B30D95">
<createdBy>logonrmlocal</createdBy>
<createdTime>2022-03-31 01:39:45 UTC</createdTime>
<ownerDesignName>aula3</ownerDesignName>
<engineerTo>
<item key="81048F73-9AAE-DB7C-3ACF-F9E66F8B396E" value="true"/>
</engineerTo>
<sourcePk>CC19FA87-374E-A461-CC86-BD6371E6926F</sourcePk>
<identifying>true</identifying>
<optionalSource>false</optionalSource>
<optionalTarget>false</optionalTarget>
<sourceCardinality>1</sourceCardinality>
<sourceEntity>D40A1BD2-0EBC-247D-ABF7-6C020493F123</sourceEntity>
<targetCardinalityString>*</targetCardinalityString>
<targetEntity>15F38C5D-3FDE-214C-B188-E601DC34E33B</targetEntity>
<transferable>true</transferable>
<deleteRule>NO ACTION</deleteRule>
</Relation>
