<?xml version = '1.0' encoding = 'UTF-8'?>
<Relation class="oracle.dbtools.crest.model.design.logical.Relation" name="Relation_1" directorySegmentName="seg_0" id="E0E6B303-F8E3-9F27-533D-E3378C43B417">
<createdBy>logonrmlocal</createdBy>
<createdTime>2022-03-17 01:36:50 UTC</createdTime>
<ownerDesignName>primeiro</ownerDesignName>
<engineerTo>
<item key="0B910D4F-9A65-9FD1-F4A3-83EA2642420E" value="true"/>
</engineerTo>
<identifying>false</identifying>
<optionalSource>false</optionalSource>
<optionalTarget>false</optionalTarget>
<sourceCardinality>1</sourceCardinality>
<sourceEntity>D65026F1-9C93-6142-8F6A-1C23551827EA</sourceEntity>
<targetCardinalityString>*</targetCardinalityString>
<targetEntity>3BE98843-DD4C-A0B6-8310-718A8FE3C2E8</targetEntity>
<transferable>true</transferable>
<deleteRule>NO ACTION</deleteRule>
</Relation>