<?xml version = '1.0' encoding = 'UTF-8'?>
<Entity class="oracle.dbtools.crest.model.design.logical.Entity" directorySegmentName="seg_0" id="0C43D1A1-49F2-F6DA-0C8D-90B51534E747" name="Empregado">
<createdBy>logonrmlocal</createdBy>
<createdTime>2022-04-14 00:40:18 UTC</createdTime>
<ownerDesignName>aula4</ownerDesignName>
<engineerTo>
<item key="6335BED7-128E-06E2-3724-C9C668CBA668" value="true"/>
</engineerTo>
<adequatelyNormalized>NO</adequatelyNormalized>
<expectedVolumes>0</expectedVolumes>
<fwdEngineeringStrategyName>Single Table</fwdEngineeringStrategyName>
<growthPercent>0</growthPercent>
<growthType>Year</growthType>
<maxVolumes>9999999</maxVolumes>
<minVolumes>0</minVolumes>
<normalForm>Third</normalForm>
<attributes itemClass="oracle.dbtools.crest.model.design.logical.Attribute">
<Attribute name="cd_emp" id="A56D794F-3004-DBCC-F286-61D635811A8B">
<createdBy>logonrmlocal</createdBy>
<createdTime>2022-04-14 00:40:53 UTC</createdTime>
<ownerDesignName>aula4</ownerDesignName>
<engineerTo>
<item key="6335BED7-128E-06E2-3724-C9C668CBA668" value="true"/>
</engineerTo>
<useDomainConstraints>false</useDomainConstraints>
<use>1</use>
<logicalDatatype>LOGDT019</logicalDatatype>
<dataTypePrecision>5</dataTypePrecision>
<ownDataTypeParameters>,5,</ownDataTypeParameters>
</Attribute>
<Attribute name="nome_emp" id="B3CBF252-7736-856D-F280-41A8DA8E7907">
<createdBy>logonrmlocal</createdBy>
<createdTime>2022-04-14 00:41:39 UTC</createdTime>
<ownerDesignName>aula4</ownerDesignName>
<engineerTo>
<item key="6335BED7-128E-06E2-3724-C9C668CBA668" value="true"/>
</engineerTo>
<useDomainConstraints>false</useDomainConstraints>
<use>1</use>
<logicalDatatype>LOGDT024</logicalDatatype>
<dataTypeSize>50</dataTypeSize>
<ownDataTypeParameters>50,,</ownDataTypeParameters>
</Attribute>
<Attribute name="gerente" id="ACAC1C60-0B89-BF45-9CDF-7F0C4F4A6F29">
<createdBy>logonrmlocal</createdBy>
<createdTime>2022-04-14 00:42:41 UTC</createdTime>
<generatorID>5DA297A7-5692-8A72-9570-92F296DC6F3D</generatorID>
<ownerDesignName>aula4</ownerDesignName>
<engineerTo>
<item key="6335BED7-128E-06E2-3724-C9C668CBA668" value="true"/>
</engineerTo>
<nullsAllowed>true</nullsAllowed>
<referedAttribute>A56D794F-3004-DBCC-F286-61D635811A8B</referedAttribute>
<useDomainConstraints>false</useDomainConstraints>
<use>1</use>
<logicalDatatype>LOGDT019</logicalDatatype>
<dataTypePrecision>5</dataTypePrecision>
<ownDataTypeParameters>,,</ownDataTypeParameters>
</Attribute>
</attributes>
<identifiers itemClass="oracle.dbtools.crest.model.design.logical.CandidateKey">
<identifier id="4DABE7E4-29B8-6E9F-4225-6FFDED897E12" name="Empregado PK">
<createdBy>logonrmlocal</createdBy>
<createdTime>2022-04-14 00:41:34 UTC</createdTime>
<ownerDesignName>aula4</ownerDesignName>
<engineerTo>
<item key="6335BED7-128E-06E2-3724-C9C668CBA668" value="true"/>
</engineerTo>
<pk>true</pk>
<usedAttributes>
<attributeRef>A56D794F-3004-DBCC-F286-61D635811A8B</attributeRef>
</usedAttributes>
</identifier>
</identifiers>
</Entity>
