<?xml version = '1.0' encoding = 'UTF-8'?>
<Entity class="oracle.dbtools.crest.model.design.logical.Entity" directorySegmentName="seg_0" id="7DA94208-226F-99FF-FA29-ACE5B689D77D" name="Juridico">
<createdBy>logonrmlocal</createdBy>
<createdTime>2022-04-14 01:15:32 UTC</createdTime>
<ownerDesignName>aula4</ownerDesignName>
<engineerTo>
<item key="6335BED7-128E-06E2-3724-C9C668CBA668" value="true"/>
</engineerTo>
<adequatelyNormalized>NO</adequatelyNormalized>
<expectedVolumes>0</expectedVolumes>
<fwdEngineeringStrategyName>Single Table</fwdEngineeringStrategyName>
<growthPercent>0</growthPercent>
<growthType>Year</growthType>
<maxVolumes>9999999</maxVolumes>
<minVolumes>0</minVolumes>
<normalForm>Third</normalForm>
<attributes itemClass="oracle.dbtools.crest.model.design.logical.Attribute">
<Attribute name="cnpj" id="C62EE6A4-8830-1FB5-20F2-EB5E83F3E27B">
<createdBy>logonrmlocal</createdBy>
<createdTime>2022-04-14 01:17:45 UTC</createdTime>
<ownerDesignName>aula4</ownerDesignName>
<engineerTo>
<item key="6335BED7-128E-06E2-3724-C9C668CBA668" value="true"/>
</engineerTo>
<use>0</use>
<ownDataTypeParameters>,,</ownDataTypeParameters>
</Attribute>
<Attribute name="ie" id="F56D171F-48EC-5639-B25A-52DF7CD0436E">
<createdBy>logonrmlocal</createdBy>
<createdTime>2022-04-14 01:17:55 UTC</createdTime>
<ownerDesignName>aula4</ownerDesignName>
<engineerTo>
<item key="6335BED7-128E-06E2-3724-C9C668CBA668" value="true"/>
</engineerTo>
<use>0</use>
<ownDataTypeParameters>,,</ownDataTypeParameters>
</Attribute>
<Attribute name="cd_pessoa" id="26C8931B-DB93-87EF-93F4-6ACB5C53AF1E">
<createdBy>logonrmlocal</createdBy>
<createdTime>2022-04-14 01:19:33 UTC</createdTime>
<generatorID>85BE1EE0-C719-0504-AF50-605D2D067FF6</generatorID>
<ownerDesignName>aula4</ownerDesignName>
<engineerTo>
<item key="6335BED7-128E-06E2-3724-C9C668CBA668" value="true"/>
</engineerTo>
<referedAttribute>4D3C16A2-2198-C0A1-92DF-131104715003</referedAttribute>
<use>0</use>
<ownDataTypeParameters>,,</ownDataTypeParameters>
</Attribute>
</attributes>
<identifiers itemClass="oracle.dbtools.crest.model.design.logical.CandidateKey">
<identifier id="134C7371-7553-E7F9-88BF-2DAA8D3480F9" name="Juridico PK">
<createdBy>logonrmlocal</createdBy>
<createdTime>2022-04-14 01:19:59 UTC</createdTime>
<ownerDesignName>aula4</ownerDesignName>
<engineerTo>
<item key="6335BED7-128E-06E2-3724-C9C668CBA668" value="true"/>
</engineerTo>
<pk>true</pk>
<usedAttributes>
<attributeRef>C62EE6A4-8830-1FB5-20F2-EB5E83F3E27B</attributeRef>
</usedAttributes>
</identifier>
</identifiers>
</Entity>
