<?xml version = '1.0' encoding = 'UTF-8'?>
<Entity class="oracle.dbtools.crest.model.design.logical.Entity" directorySegmentName="seg_0" id="DD01FCAC-3C78-150F-200E-A00FDD2422A5" name="Pessoa">
<createdBy>logonrmlocal</createdBy>
<createdTime>2022-04-14 01:10:04 UTC</createdTime>
<ownerDesignName>aula4</ownerDesignName>
<engineerTo>
<item key="6335BED7-128E-06E2-3724-C9C668CBA668" value="true"/>
</engineerTo>
<adequatelyNormalized>NO</adequatelyNormalized>
<expectedVolumes>0</expectedVolumes>
<fwdEngineeringStrategyName>Single Table</fwdEngineeringStrategyName>
<growthPercent>0</growthPercent>
<growthType>Year</growthType>
<maxVolumes>9999999</maxVolumes>
<minVolumes>0</minVolumes>
<normalForm>Third</normalForm>
<attributes itemClass="oracle.dbtools.crest.model.design.logical.Attribute">
<Attribute name="cd_pessoa" id="4D3C16A2-2198-C0A1-92DF-131104715003">
<createdBy>logonrmlocal</createdBy>
<createdTime>2022-04-14 01:19:16 UTC</createdTime>
<ownerDesignName>aula4</ownerDesignName>
<engineerTo>
<item key="6335BED7-128E-06E2-3724-C9C668CBA668" value="true"/>
</engineerTo>
<use>0</use>
<ownDataTypeParameters>,,</ownDataTypeParameters>
</Attribute>
<Attribute name="nome" id="A391A2D7-6C1F-5E00-4BDD-AB12479FB133">
<createdBy>logonrmlocal</createdBy>
<createdTime>2022-04-14 01:10:11 UTC</createdTime>
<ownerDesignName>aula4</ownerDesignName>
<engineerTo>
<item key="6335BED7-128E-06E2-3724-C9C668CBA668" value="true"/>
</engineerTo>
<useDomainConstraints>false</useDomainConstraints>
<use>1</use>
<logicalDatatype>LOGDT024</logicalDatatype>
<dataTypeSize>50</dataTypeSize>
<ownDataTypeParameters>50,,</ownDataTypeParameters>
</Attribute>
<Attribute name="telefone" id="EACCC54B-C609-CFE7-FEB9-9AD35A7E4D7F">
<createdBy>logonrmlocal</createdBy>
<createdTime>2022-04-14 01:10:28 UTC</createdTime>
<ownerDesignName>aula4</ownerDesignName>
<engineerTo>
<item key="6335BED7-128E-06E2-3724-C9C668CBA668" value="true"/>
</engineerTo>
<useDomainConstraints>false</useDomainConstraints>
<use>1</use>
<logicalDatatype>LOGDT019</logicalDatatype>
<dataTypePrecision>11</dataTypePrecision>
<ownDataTypeParameters>,11,</ownDataTypeParameters>
</Attribute>
<Attribute name="endereco" id="6A2C3411-EE87-CE3E-77AC-ED5AE1D03D54">
<createdBy>logonrmlocal</createdBy>
<createdTime>2022-04-14 01:10:16 UTC</createdTime>
<ownerDesignName>aula4</ownerDesignName>
<engineerTo>
<item key="6335BED7-128E-06E2-3724-C9C668CBA668" value="true"/>
</engineerTo>
<useDomainConstraints>false</useDomainConstraints>
<use>1</use>
<logicalDatatype>LOGDT024</logicalDatatype>
<dataTypeSize>80</dataTypeSize>
<ownDataTypeParameters>80,,</ownDataTypeParameters>
</Attribute>
</attributes>
<identifiers itemClass="oracle.dbtools.crest.model.design.logical.CandidateKey">
<identifier id="4B10962A-4E76-6BB4-85C3-03DA9D8D7A06" name="Pessoa PK">
<createdBy>logonrmlocal</createdBy>
<createdTime>2022-04-14 01:19:27 UTC</createdTime>
<ownerDesignName>aula4</ownerDesignName>
<engineerTo>
<item key="6335BED7-128E-06E2-3724-C9C668CBA668" value="true"/>
</engineerTo>
<pk>true</pk>
<usedAttributes>
<attributeRef>4D3C16A2-2198-C0A1-92DF-131104715003</attributeRef>
</usedAttributes>
</identifier>
</identifiers>
</Entity>
