<?xml version = '1.0' encoding = 'UTF-8'?>
<Entity class="oracle.dbtools.crest.model.design.logical.Entity" directorySegmentName="seg_0" id="FEBB9409-EDC2-DB2F-6157-A354DF8C255E" name="Fisica">
<createdBy>logonrmlocal</createdBy>
<createdTime>2022-04-14 01:11:49 UTC</createdTime>
<ownerDesignName>aula4</ownerDesignName>
<engineerTo>
<item key="6335BED7-128E-06E2-3724-C9C668CBA668" value="true"/>
</engineerTo>
<adequatelyNormalized>NO</adequatelyNormalized>
<expectedVolumes>0</expectedVolumes>
<fwdEngineeringStrategyName>Single Table</fwdEngineeringStrategyName>
<growthPercent>0</growthPercent>
<growthType>Year</growthType>
<maxVolumes>9999999</maxVolumes>
<minVolumes>0</minVolumes>
<normalForm>Third</normalForm>
<attributes itemClass="oracle.dbtools.crest.model.design.logical.Attribute">
<Attribute name="cpf" id="6F44D473-7D48-6452-C7C0-FC256367FC06">
<createdBy>logonrmlocal</createdBy>
<createdTime>2022-04-14 01:11:59 UTC</createdTime>
<commentInRDBMS><![CDATA[exemplo:
123.456.789-12]]></commentInRDBMS>
<ownerDesignName>aula4</ownerDesignName>
<engineerTo>
<item key="6335BED7-128E-06E2-3724-C9C668CBA668" value="true"/>
</engineerTo>
<useDomainConstraints>false</useDomainConstraints>
<use>1</use>
<logicalDatatype>LOGDT025</logicalDatatype>
<dataTypeSize>14</dataTypeSize>
<ownDataTypeParameters>14,,</ownDataTypeParameters>
</Attribute>
<Attribute name="rg" id="6D85D0B7-A0E4-EA5B-1807-CB7F08FC855A">
<createdBy>logonrmlocal</createdBy>
<createdTime>2022-04-14 01:12:04 UTC</createdTime>
<commentInRDBMS><![CDATA[exemplo:
12.345.678-9]]></commentInRDBMS>
<ownerDesignName>aula4</ownerDesignName>
<engineerTo>
<item key="6335BED7-128E-06E2-3724-C9C668CBA668" value="true"/>
</engineerTo>
<useDomainConstraints>false</useDomainConstraints>
<use>1</use>
<logicalDatatype>LOGDT025</logicalDatatype>
<dataTypeSize>12</dataTypeSize>
<ownDataTypeParameters>12,,</ownDataTypeParameters>
</Attribute>
<Attribute name="cd_pessoa" id="C5EB90C0-361F-D8E1-186D-F7B14714061C">
<createdBy>logonrmlocal</createdBy>
<createdTime>2022-04-14 01:19:33 UTC</createdTime>
<generatorID>8C11AE49-1900-53F8-A6FD-52C06D606AC2</generatorID>
<ownerDesignName>aula4</ownerDesignName>
<engineerTo>
<item key="6335BED7-128E-06E2-3724-C9C668CBA668" value="true"/>
</engineerTo>
<referedAttribute>4D3C16A2-2198-C0A1-92DF-131104715003</referedAttribute>
<use>0</use>
<ownDataTypeParameters>,,</ownDataTypeParameters>
</Attribute>
</attributes>
<identifiers itemClass="oracle.dbtools.crest.model.design.logical.CandidateKey">
<identifier id="BE92D258-758D-95B1-A3ED-DEA9DC2222CD" name="Fisica PK">
<createdBy>logonrmlocal</createdBy>
<createdTime>2022-04-14 01:19:54 UTC</createdTime>
<ownerDesignName>aula4</ownerDesignName>
<engineerTo>
<item key="6335BED7-128E-06E2-3724-C9C668CBA668" value="true"/>
</engineerTo>
<pk>true</pk>
<usedAttributes>
<attributeRef>6F44D473-7D48-6452-C7C0-FC256367FC06</attributeRef>
</usedAttributes>
</identifier>
</identifiers>
</Entity>
