<?xml version = '1.0' encoding = 'UTF-8'?>
<Relation class="oracle.dbtools.crest.model.design.logical.Relation" name="Relation_2" directorySegmentName="seg_0" id="4819B52A-6597-814F-9CAF-F4DB24BC64CC">
<createdBy>logonrmlocal</createdBy>
<createdTime>2022-03-17 01:39:44 UTC</createdTime>
<ownerDesignName>primeiro</ownerDesignName>
<engineerTo>
<item key="0B910D4F-9A65-9FD1-F4A3-83EA2642420E" value="true"/>
</engineerTo>
<identifying>false</identifying>
<optionalSource>false</optionalSource>
<optionalTarget>false</optionalTarget>
<sourceCardinality>*</sourceCardinality>
<sourceEntity>3BE98843-DD4C-A0B6-8310-718A8FE3C2E8</sourceEntity>
<targetCardinalityString>*</targetCardinalityString>
<targetEntity>87924B5D-3FD0-AE77-C1AD-9373D84A3FAD</targetEntity>
<transferable>true</transferable>
<deleteRule>NO ACTION</deleteRule>
</Relation>