<?xml version = '1.0' encoding = 'UTF-8'?>
<relationalModel class="oracle.dbtools.crest.model.design.relational.RelationalDesign" name="Relational_1" id="B31D41F7-DDA9-18B3-F1A2-71A82AE7142A" mainViewID="A1488AB9-E1A4-2F63-A1C8-3076A0A2049C">
<createdBy>logonrmlocal</createdBy>
<createdTime>2022-03-24 00:34:38 UTC</createdTime>
<ownerDesignName>segundo</ownerDesignName>
<shouldBeOpen>false</shouldBeOpen>
<selectedRDBMSSite>32076570-2523-435C-2E92-BF29817DFF70</selectedRDBMSSite>
</relationalModel>