<?xml version = '1.0' encoding = 'UTF-8'?>
<Arc class="oracle.dbtools.crest.model.design.logical.Arc" directorySegmentName="seg_0" id="F037CA73-00A2-8D6D-BFEE-4775F9CC41A0" name="Arc_1">
<createdBy>logonrmlocal</createdBy>
<createdTime>2022-04-14 01:17:12 UTC</createdTime>
<ownerDesignName>aula4</ownerDesignName>
<engineerTo>
<item key="6335BED7-128E-06E2-3724-C9C668CBA668" value="true"/>
</engineerTo>
<entity>DD01FCAC-3C78-150F-200E-A00FDD2422A5</entity>
<relations>
<relationID>8C11AE49-1900-53F8-A6FD-52C06D606AC2</relationID>
<relationID>85BE1EE0-C719-0504-AF50-605D2D067FF6</relationID>
</relations>
</Arc>
